DROP DATABASE `caruban_tourism`;
CREATE DATABASE `caruban_tourism`;
USE `caruban_tourism`;


DROP TABLE IF EXISTS `additional_place_image`;
CREATE TABLE `additional_place_image` (
  `id` INT(11) NOT NULL AUTO_INCREMENT,
  `image_1` TEXT,
  `image_2` TEXT,
  `image_3` TEXT,
  `image_4` TEXT,
  PRIMARY KEY (`id`)
);
INSERT  INTO `additional_place_image`(`id`,`image_1`,`image_2`,`image_3`,`image_4`) VALUES 
(1,'https://asset.kompas.com/crops/FdTf8FFrnRaGfeAVUcKcMHvEkBM=/0x0:1199x799/780x390/data/photo/2021/05/24/60aa93b2c773f.jpg','https://radarcirebon.disway.id/upload/fbebe9ece592be87474569eee8ac4d4d.jpg','https://radarcirebon.disway.id/upload/2018/12/MUSEUM-KERATON-KASEPUHAN.gif','https://dynamic-media-cdn.tripadvisor.com/media/photo-o/05/62/a5/8d/keraton-kasepuhan.jpg?w=1200&h=-1&s=1'),
(2,'https://www.nativeindonesia.com/foto/keraton-kanoman-cirebon/Keraton-Kanoman-Cirebon.jpg','https://1.bp.blogspot.com/-kbZitXBpERA/VxSEUioXkqI/AAAAAAAAFto/05jdz4q4yM46DS9mjzp6h8_-EZjK4YzxgCLcB/s1600/_MG_8583.JPG','https://4.bp.blogspot.com/-hPTTQc2oXL0/WnlM5d7as8I/AAAAAAAAFrU/863xHeK8eYkhz7AeaL_GOpy5J46sTDiZwCLcBGAs/s1600/Kereta%2BPaksi%2BNaga%2BLiman.jpg','https://fajarsatu.com/wp-content/uploads/2019/11/WhatsApp-Image-2019-11-10-at-22.09.55.jpg'),
(3,'https://t-2.tstatic.net/cirebon/foto/bank/images/Keraton-Kacirebonan-pada-15-Agustus-2013.jpg','https://1.bp.blogspot.com/-kopMD_DfuLY/XQ-heJZf3nI/AAAAAAAAB80/lKU4Rw9tZBUgP39aGWL-mfblQMuNUQpngCLcBGAs/w1200-h630-p-k-no-nu/panjang%2Bjimat%2Bkeraton%2Bkacirebonan%2B2.jpg','https://jadwaltravel.com/wp-content/uploads/2020/03/Tiket-Keraton-Kacirebonan.jpg','https://4.bp.blogspot.com/-Sv0aKsTELk0/W_0jFPaNjnI/AAAAAAAAQXU/dYS89_N9sU4_dsmaXIuDiER1snAnuY1RACLcBGAs/s1600/Keraton%2BKacirebonan.jpg'),
(4,'https://i.pinimg.com/originals/18/3e/2c/183e2c5f492b3a5dc8a1f7d5f1911cd4.jpg','https://img.okezone.com/content/2021/08/24/406/2460611/ppkm-diperpanjang-terus-pengelola-nekat-buka-wisata-taman-air-goa-sunyaragi-AKjoumbABk.JPG','https://www.holidify.com/images/cmsuploads/compressed/800px-Historical_site_of_Sunyaragi_caves_Cirebon_2017_20190718095436.jpg','https://blue.kumparan.com/image/upload/fl_progressive,fl_lossy,c_fill,q_auto:best,w_640/v1504763079/rqlfmlyu7ufvhzjh5kzl.jpg'),
(5,'https://alif.id/wp-content/uploads/2022/08/peziarah-di-makam-sunan-gunung-jati-atau-syekh-syarif-_190607102624-442.jpg','https://hypeabis.id/assets/photo/20220630105934000000MAKAMSUNANGUNUNGJATI3.JPG','https://thumb.viva.co.id/media/frontend/thumbs3/2015/05/05/311748_makam-sunan-gunung-jati-di-cirebon_665_374.jpg','https://yuniarinukti.com/wp-content/uploads/2018/12/Makam-Sunan-Gunung-Jati-Cirebon-4.jpg'),
(6,'https://disparbud.jabarprov.go.id/wp-content/uploads/2022/02/Batik-trusmi-1.jpg','https://cdn.pnghd.pics/data/281/gambar-batik-trusmi-cirebon-37.jpg','https://assets.ayobandung.com/crop/0x0:0x0/900x675/webp/photo/2021/12/03/955919001.jpeg','https://cdn.shopify.com/s/files/1/0408/4203/5353/files/DSC01165_480x480.jpg?v=1626240629'),
(7,'https://asset-2.tstatic.net/jabar/foto/bank/images/Situs-Keramat-Plangon-di-Cirebon-Kamis-3032023.jpg','https://aboutcirebon.id/wp-content/uploads/2016/01/2f2766fb7d5da7e6231d9ac592175eb3_XL.jpg','https://gerbangpatriot.com/wp-content/uploads/2018/10/plangon-3.jpg','https://indonesiakaya.com/wp-content/uploads/2020/10/6__Menurut_juru_kunci_nama_Plangon_berasal_dari_bahasa_Tegal_yaitu_Klangenan.jpg'),
(8,'https://img.inews.co.id/media/600/files/networks/2022/02/14/d2dc6_sangkala-buana.jpg','https://cdn-assetd.kompas.id/SjZpbaPQkAOaBAXapfZhsFjQoOI=/1024x683/https%3A%2F%2Fasset.kgnewsroom.com%2Fphoto%2Fpre%2F2022%2F02%2F06%2F56c48045-2914-4f08-8ac2-cf270ca3f752_jpg.jpg','https://radarcirebon.disway.id/upload/2022/01/WhatsApp-Image-2022-01-05-at-18.20.44.jpeg','https://cdn-assetd.kompas.id/MFSc1NS9a7LVE6BVAV0s8SlU-eQ=/1024x683/https%3A%2F%2Fasset.kgnewsroom.com%2Fphoto%2Fpre%2F2022%2F02%2F06%2F435d995a-fe62-4045-9b48-5d23454ce4fc_jpg.jpg');



DROP TABLE IF EXISTS `dishes`;
CREATE TABLE `dishes` (
  `id` INT(11) NOT NULL AUTO_INCREMENT,
  `name` VARCHAR(256),
  `description` TEXT,
  `image` TEXT,
  `maps` VARCHAR(32),
  PRIMARY KEY (`id`)
);
INSERT  INTO `dishes`(`id`,`name`,`description`,`image`,`maps`) VALUES 
(1,'Nasi Jamblang','Nasi Jamblang or Sega Jamblang or Jamblang Rice In serving, the rice is wrapped in Jati`s tree leaf for its portion. One serving of rice is generally one fist. So for one meal at least two packs of rice. While various side dishes are served in a buffet. Usually, a waiter will serve rice that is wrapped in Jati leaves according to the portion.','https://upload.wikimedia.org/wikipedia/commons/thumb/8/85/Sega_Jamblang.jpg/640px-Sega_Jamblang.jpg','nasi jamblang di cirebon'),
(2,'Nasi Lengko','Nasi Lengko or Sega Lengko or Lengko Rice contains the components of white rice (ideally hot), fried tempeh, fried tofu, cucumbers (raw, freshly chopped), boiled bean sprouts, chives leaves (cut into small pieces), fried onions, peanut sauce (like salad seasoning, spicy or not depending on taste), and a light soy sauce poured over the top.','https://asset.kompas.com/crops/16NAGd0HBDBRH3EFFYqN687TUp8=/67x0:911x563/750x500/data/photo/2022/01/14/61e16cb8c8133.jpg','nasi lengko di cirebon'),
(3,'Empal Gentong','Empal Gentong is a spicy Indonesian curry-like beef soup originating in Cirebon, West Java. It is a variety of the Soto cuisine and is similar to gulai that is usually cooked with firewood in a gentong stove (Javanese for: clay pot). The ingredients include cuts of beef, and cow offal such as intestine, tripes, lungs, etc. cooked with curry-like spices in coconut milk, garlic, chilies, chives (kuchai) and sambal in the form of chilli powder. Empal gentong can be eaten with steamed rice, ketupat or lontong.','https://asset.kompas.com/crops/pG0a7QeDlmXars4rqvl9M7K9Mvg=/0x0:1000x667/780x390/data/photo/2021/05/18/60a36dc5aa887.jpg','empal gentong di cirebon'),
(4,'Docang','Docang or Doclang is a traditional food from Cirebon, a port town in West Java, Indonesia. It is made of sliced of rice cake, cassava leaves, sprouts, and krupuk, served in thick vegetable sauce called dage, which is made of mashed tempeh mixed with grated coconut. This food has a distinctive savoury flavor and usually served warm for breakfast and it is sold in relatively affordable price. Today, authentic docang is rarely found even in Cirebon.','https://thumb.viva.id/antvklik/1265x711/2020/06/27/635b2b7888358-docang-kuliner_antvklik.jpg','docang di cirebon'),
(5,'Tape Ketan Bakung','Tape Ketan Bakung or Fermentation Sticky Rice is a typical from Bakung village, Cirebon. This snack is made from glutinous rice, katuk leaves and then fermented with yeast. Unlike other sticky tape, even though it is consumed in large quantities, Bakung sticky tape does not cause a hangover or dizziness effect.','https://jadesta.kemenparekraf.go.id/imgpost/70877.jpg','tape ketan bakung di cirebon'),
(6,'Nasi Bogana','Nasi Bogana is also a special dish typical of the Kacirebonan Palace. The word Bogana is taken from Sundanese, saboga-bogana which means make it as it is. Bogana rice is cone-shaped like tumpeng rice in general. At a glance, the color of the rice looks similar to yellow rice, but the difference is that Nasi Bogana adds grated coconut to its main seasoning. The symbol of yellow rice and conical upwards is a form of gratitude for what God has given.','https://pdbifiles.nos.jkt-1.neo.id/files/2017/07/05/oakirbin_nasiboganacirebon4.jpg','nasi bogana di cirebon'),
(7,'Terasi','Terasi is a seasoning in the form of a paste made from small shrimp or fish. The shrimp paste is generally brownish black in color but some are reddish in color. The natural black color of shrimp paste comes from the reaction of fish pigments, while the red shrimp paste is a reaction of shrimp pigments. Terasi itself is a fermented fishery product intended to produce substances that give a specific taste and aroma.','https://asset.kompas.com/crops/yOCzrV9RKTiBwMcJuZ9U8i9UIMM=/0x62:1000x728/750x500/data/photo/2020/06/19/5eec63c89bc12.jpg','terasi di cirebon'),
(8,'Kerupuk Melarat','Kerupuk Melarat or Melarat Crackers are one of the specialties of Cirebon and its surroundings. This food is served by adding sour sauce. Tapioca flour is the basic ingredient, shaped like a raffia string which is messy and various colors, including pink, yellow, white, and green. Impoverished means poor. Impoverished crackers are called that because they are fried without cooking oil, but using sand that has been cleaned beforehand, which goes through a process of drying and filtering by sifting.','https://cdn0-production-images-kly.akamaized.net/rhXgZ09out3GUdb8MuSriCM2PXI=/1200x675/smart/filters:quality(75):strip_icc():format(jpeg)/kly-media-production/medias/3139066/original/013697700_1590731560-Kerupuk_Melarat_Cirebon.jpg','kerupuk melarat di cirebon'),
(9,'Intip Goreng','The local people call it Intip considering that the main ingredient for making it comes from liwet rice crust. The origin of the word peek is taken from the Javanese language Cirebon which means crust. This dish is made from rice crust, which is the crust that is produced when we cook rice in the conventional way. At first glance, it looks like rangginang, but the combination of peeps with its inherent spices makes peeps more savory and crunchy, perfect for those who like snacking and love Indonesian cuisine.','data:image/jpeg;base64,/9j/4AAQSkZJRgABAQAAAQABAAD/2wCEAAkGBwsJCQgICAsICAgIChYKCgkJChsUFQgWIB0iIiAdHx8kKCgsJCYxJx8fLTktMSkrLjpGIyszODMsNzQtLjcBCgoKDQ0NDxAQDysZFRk3KzcrKysrLTc3LS03LS0tLSstKys3KysrKys3LS0rKystKysrKy0tKysrNysrKysrK//AABEIAKgBLAMBIgACEQEDEQH/xAAcAAABBQEBAQAAAAAAAAAAAAAEAAIDBQYBBwj/xAA2EAACAgECBQIEBQIGAwEAAAABAgMRAAQhBRITMUFRYQYicYEUIzKRobHwM0LB0eHxFSRSY//EABgBAAMBAQAAAAAAAAAAAAAAAAABAgME/8QAJREBAQEAAgICAgEFAQAAAAAAAQARAiESMUFRA2ETcYGRobEi/9oADAMBAAIRAxEAPwD0g/3tjGGSkd8jIzH5ssZjZE/sdsnZbyJ09cGMaFhtR3yJ17VsKwgr4Fk+gF3imi6ZImPT5QCyqLZQTV0Nv5yZAsC6VvtR+mMCjl5gOYE8oKpYurr9ssp9PFppx1GMhQAgPIAJL7WK83kJl5C8q83LpW5ORKAZq2IHawT3x4bUD6gn07fmAxlSkYkKslEg9qurO/bBZfy3ELpKsh2WN46JI8AevfYZpNTIHmEO8pl06iRecAxUAbN7AEYK+qjn1BCRxsqSF2d2B5iAaIHc7AbG8FMmcSpXgZYxI0coU+ekbG/kdxg78rMQpQkHtYsX2zTasiDUzzqrGWSOPkWwVYAgm17Dscj1XC4JJJBAsUcem+XUROhJmUk0QfBBFgi/OGmTONnHBAINDlPe/wDfBm+42yw1ukMEOrn0wkYQzCOGFpOYTgmrQmiTY7dsrnlF8sqvBIKBEi0L9LxRiNz1xreLFZ0nOFrwmDcHt+2PH7ZH/qckGDGN3+c6v774h64gPPvijG4VFnbO8vetz4PvjrvfOjBcnlEsTkAhoFY/5WU7fU7jHQQcxuWQoAL5Y4wSR9+Uf1wnTaaWc8sSF/VjsB98t4OFrCgaYl5pKIRRXKPIN/2cs5AeqfHaqTTLH8wiZhRIOqkO49goX+ScF1OleSWMQ/KHULaGlZu5oHwLy8lEdrEhjSSSxagEsCaq/AAskk5VcT1kUv4RNLIhABb/ABN4zuQCewugax/yGdEv4+4RNBMXEaly/Lz0W8DYk/fHLotR03nZ0jjjflkkYbRn0Pv/AL4TxHiQ1GiWfTMFCOoYKbZ+4INdze+D6niKGRYNVy6XTxFJV0xUOZ2Aslx4utrvJefVR+OhMUvTMwkR1RedipBFf3tkbah0tWVWKbPvRH7ZNLKZQqRVbnmj6kgbmverA2oECsfO3V5EkiLHkNWpIFDuTW9bV9cXkS/jNmJIHAI7nwRivtgbxqemIxIInJkPLKSZSDRNHt7CsfxPn0Go6LiSaJwrRuveiL3HnD36k8Ykn0zgP074MJr3F148fxnDJjzKQyJDfQH1zhbB+fxjTLW2AsZTk+Tise+DdT3xdTHpGF6g+NrOn+mNPtgtbNZqs5DDE0zk7Iq7l3NBfrkjDwfrVXjeI6mOO4NN+YvTKyMuxJP/ADX0yXdgxKPXskNdHmJkBjSQvsTVmx4utjgPFNXpmR5NVJ0JNZDG8LimMRNgjf6ZWcZ1yR6XTzCUSys7wScr0EZR5Hcgg3Z85jJdVLM6WzN0UK80tHa9gPXucl5d2nH8am2qTjuok1y9N4z0zyyTxsAJVAo7eNgKHtlaOP6qOYPE3NGmoJIYkLIK2J3O91lMHk+VYl6pBLySCgPYEHvksRYpIpjjkjKHmVSSSe9b9sXJ6rOJtZDUarUSSTTSASWSUjYkj0ok74tNOGVZZNTINRbc4cH8sEHuO33ytj1CXHGHgjkO7IsliP0BydNLzzIVJjZ0MbEbg2Nj++Tu1eAWi0XEZeZJJKnXYmVRTCuwPqCPOXmi4lIJZiAQZ6jMjEE3YII8Ebn98w0E0kEiK6GTq8sZdCSOYbXXgZrkmQDo8tMI+oJVauiR2+3fGqUPHuttIIFCTrIJpIPkaFxRjaybr13775zU8KScSLKqagTPzL1HJBrsD2IIo0du+U2i1B1eno8gnlkDpPQ+cE1dCqqvvmoMrmMR8sdvcbOhsC6FnGcuo8csDxXQSaWeRNNeogjj6kvKP8AE1Q9ReCK9ixRHreegajQoYpNKyNGUiIVo131BA3F99vT3zHa34al0MUEgcCbUSMZEkI5QKuvFEDz5vGLHj1AiT6Y8P69sED9iDe+OL+O4x04RfUzofBQ+OD4tnhFBuwG5O1ZecG4UJSzalWfljDKl0ASAQDW52N0Pvgvw5wptVIupmtdLG9cxH+IR3A39++arXzokMi6YKZZF/Jj5q6hBoAedyP641A/cBrC6yEQxRxI7xRiShHHQMx3vc9gaNEehyj4jx4ajpwt8haIS9NSAoFCiT327nAuK/EE8mkmVU6c0JIeHqcohAAo2dzdntnn3F+MJyKgXkcIU3PjwNsk1tT8fdpeJ/EadGWJDG0gfkMsbAtKATQsb967+mZs8YcxKByxqjF3AG8jGzZHv6ZSJOZ5OVZo4gaDHkop6/XOGNUfogV1QR1JDfORgcUqwPisG4xSho5eQ0VA7VZ7DOtxeV2EiyqSV5C0jAFgO24yv02giVUkmBPUalUdgb7fthjx6ZIuURgFSDXLZFmv2yupD+qw4VxgaUiZQplDAGMyUKO136ZccM49HBLIZpDOHjKpHHGHELEjvZ2FeuZPhOn/x0nj5ULcquy9wT5Pask1fCo4IZtSpcMWLL02IAHoPv65QC08sz1eoyRR6mI6uILKYuWNIumArDfmIog7eM6I31UY1EyCCGBGSNuUlpAPUEnfeu9Zivhx9YNEJp3J06n5IXJB9AST4vzl/wT4njkYaDiSnSokxEkiNvGd9iboDtvt/OLlxxsvFSM1nDWWGTUmKNIuZSZw1d7N0NrNi6uso+qex2Poc2upeFFiBTTyxSfrQbijsCSLAJu7FXWVXE+DrBEY1C0kZkM5Ww3c7VuP5xbtKIWe62Lq/TBjJ2IIKns3r/wA5znvvtjnhkWJL29sd1K22wMN6YrJ84UpexHviCkkKBzMxpVHk4vU4ncRQTaliEKRkRk+teMtz3LNaDiuqWAxRRksEsylACZPUAe3+mYziPFuU6pYVPS1BDxuwokb+D2Ht7YZxuVY1aZuamZWIeTaY1ZoD+uZPVv1pWawkSghQCf2OYcuW23D8ZsPqNRLP1AymRS3O1E/LW1+2d1MEoctGVEcY2+QWf+Mbp2LB0BFNRIuiD2r3zjzkdRhZCmuWtgPpk73b51JZeV1Gy85oMDV7b3kwk6TFpGUBhcdCzIO1E4LqSoQMCSBR5aJu+1ZIX6gjDcyBk/zdxhsziU2o00Is9JSXQuZKo0Bd3jY5Y0jPI5KyOAoL7x7dxhGnchEVwJAVIJbzkSRpIgDsFIc9IEbk1YGGss6jtUA+l2VpJIGBCrYMvqLyyjDRxjiDSt1GrljkBAVdgQbO5HfKnQcwdgJOZnbnAZaII7gXlmjibTnSuSLBcE0SST239DjHaHorfRajTpppjpjetjYSuiAWF7iq7jfH6aebUTadmkjGmmkDqQpBiJ7EA+TtYOB9BueCbRqkcscQgezvqr7g1/X2y4giZXWNSDNat00AoC9yCfT+MroZHZaHTFYxbdSQqxmVavc7EX/pg3ENGskcayK0kCEOLXZWNi68nfsdsUGvjjf8PKVZljtufff0secK02pmkX5olEcgsMHBK0BvholLxS874xwg6cSzx8kMEcnTVDf5m/cHtfqMqFfPReLfDok0s4jkJLp+W8htYt7JA+5zz/jOjPD9S+md1kKUpdRQJr0w4qR4izARhPDtMdVqItOCUDmmblJ6Y8mhlasw9s1HwnNHBHqtSDz6nlISMIGLeAB6GzZ9sv4ZO2vhm08GjjVDGIYUCl2NDl7EmvJr67jMV8Q8ajXUQ6YtII9PKOaSt5VANkDz3Nb7YPPr0SANq2kkd0JjPXB6PKe4FWptR/HjMT8QcVM8jOoJZ7SNWay7EdycjtbTjxCm+LPiiTV6kDTLyqoEUZ7/AC7jceu95m4tM/4vlkooeztuDhGk00kDh5WV5JAQQPB9frhU5MEZZwFKJe+9m+2PcrzSFHDoTKWLNSn5ggqj4x0oVedaIANhqs7ZyOfnkJSN1RwGZ/BsUNs42kKSxySSmRmJBU9r2rb74Kr7mARCaiWwscSLEEv8w2SPAoYOBI86MpgUMm7cpNUd9sM5qoDlDAkML/TQx6EmkQUSaNDsD74h/U2Cl1phkEblyar8kAj7DLvhU0bOTOTMAoZYnFhiN6IvtnOhEFCuA0ikcwoDxg+v0PW5AgdC1jrod3FbCssQ/rQi2i1jJIxbSB9MzqQhZufp3R5d+47AHbI+BaMJNqtdreismoblZU/TFX1J3Pp+2VnDNaY9Rp9PM8sMSnkWSTYSCuwO+9++W8c1vOknM8KMJWMjgcu/Ye2Dyf8ANHiZa74fkRNY+lnYHSzcsmjRlAEbDutnvQ3GF6+VXmk0xWyigcsa2ZSQQCBtRF75huGT6nietWfTyQLFpNQehDPuHKg72N7+ma/Ta4a2OPXJEYgC+mkUKeYk0DftYsHJeKNPI2z0vDlaHiJjRS+kZWmkZyRyEdlJHewf39szsvyMVs0Nwa7jPUNNw/8AD8OlWZVc6yOd5OQb7Ectb+x/fPM9bDQlVvleNvkPqD4zYN4/uyHtoVfx2+uPEn398AEpGx7jvkglzOrxL3UDZifG+R8SaNI44pULApdd6sb7eRhMS9R0TuGO/wBPOAfFbvHDO8cYBKDpsR6GjQ8Hf+MfLMpDuwHxBN1nWONgRGaADbRgDsMoypZiZKZbumbv9s7q5Wk6j7mz2K1iCHpgOVDDffwPbOdzbsByhnO6yGuUHY8u4PbJmHzqVUkSAqSre39MidVUAtRK7h/+M6zyAI6csjOthB3A84SRn6WFFV3DElGoRnsD6HJi4jUlaLOLCMN681g8M4tWXncPaNHXn198lRSX6zAiyRykgViqCckheOBVAJZypJHYbDJtSViQKiI7Iwvl7g1jdEApINgWCC1bb4QTtMyghj+n5bN+Dj90rjQpOA6xxsWYLZLbkE9x/XD44WWSIp1GBsvIDfSJ9vIwVwAnOEB1UY5Wr0I734/5yw4ZbcxHUjsAhms3XjfvlcdCh7rzRMsMImNNNyFeZ9iVHmvGOhk6+ojEDKC8bRyMj0LO5A9dvTA4V60jQvJG4euYDfbyB+2Wmgiihgip/milIXmI/V4Gw7UcGDSNi0kUk0BIDnTRFv1WSarc+vnLXSuVuAc5VLbryVRvegPYf0ylVekdPrZWCKpAEbDcG9/PpsPrlhPMsn4WWMBxztGnMASGqgR/t74R7K4mTr6dYlJ/UOZk25V9f2zz3464cJYjPCqK8LmI8pshAPls332J+meg6MnpxiT8uSQEFLvl37ZWcZ4VG2jmgoESH5y5oEkgDfxQ2++W/FHFxvCk1JVlBu7o5pdNrXXRxxxM6sR8wFAMT2Njeq2zK6pOhrZ4X3MUjIRdgUTlkHaUJGjyQPygMvLSkUa3Pt6Ynk2/iJszjR5OSpAXMfUkBahZOw/bM9GtyvIGpE2RF3IJPf6YZxuV5WjjIUMrhQeb5moCq9sG0yfh0QTKCxt2Zm2HoTWUHUwp2U0pHKVB7g+fTBo5JtU7pMpVOQ9PqJ+og987o4JJZVmNMnTPIgO1nyfQ4WZmjUGUgIo5UIq79PrksY3GcKAW5VVjbAbEjt2xqSxHqMpL2wCqiWyWPJxkqPI4ZjUBI5YwLJ2vcjtnHligZgq8rOA8aptzfWsDiZsJlxJ2CBo4pS/OXRZaAYb3vd3j4pdS35giNcgK9NxvR9DjY53pnWE8xshR3v1xyar5zK8MkYVQSxIJJH0OWevVO0ia5laXnUI3V5Wkk3+15b6dmSijXHK4Kk1QPbf2wPqxzCJlVZVclyr9wfcfXJ+HwTxTOycpgC2mlZgAxABJF+RuaxIZG602p4dHqE0yags0cjtLHNH8pB9wfXcY6WOPR86a7qyaOVCsbkEkCiApIFVYPf2wmGFdaIIFXUNo0XnfWIQAGJ2q6F2aIGO1qGSCThMqrzQTDln1NgHegT7Hm2r0w4qPdPI2O4NpI9FpJJdIjPO4d1jR7piKAB8GssfgxdVA0UetDkaqNpAjtZDAkgVe1b9hRvK/4a1I6EsEjiSSOcxtJexIIG3sQMP0Bnj45peI67oLw7kJhn57OpWgOUA9q3JoDubuhjN5b90Kcer0uQxRjSxOVblj5OWxbk0CP5JrPLvi/hMejLx6aMENIzuwBBqyCPpYv756RrtO+ojhlKdKQTmQhTZJG307/wAZn/jmISaWSaKxqDX5iMRygiyb9CSRXnND0WWd3kciD9S323B75EL/ALGEhGZigvcH5DtZ9MikgdWIpl9mHbI5/jV0rEL3+FuTnkN0indfBO2Zf4inknj1VTmMBRGsSC7J3s37b5pwV6M4decWDW3i+9+PH3zEca1SzOV0icsjRlZAqkmgO3/OR+TlmS4cdszPFCrBVkJ5O21k+t4FqVF/KSVA3BFf1wiSKmIGz1uGNk4PMhdAoIFbcz2KzF7uviH3RFiWBBBKg/L2us6spdowykMTXf8AwwPP3xzN80cZKsa5ecdziM9MQ3MCfkFrshw7m/qlgiN9TqDkUlo+RSOQnbt5GPBI6hsl4lJUn/MPb3xoDFXJNVssYJ2GTO3KqE2S4AZgPPjbD5o7nEPH02ZQxaiwY/oPocc+qrqCON7siN+47Ak1kfVcyCgZEJADLtyizZOFdYJ1HdGC9g5Iv6jGL9SdpdIbLShizOoEisKo/T0wmFl3jTnSRXFC62Pf/XAkIH55JIYWWU3RwyGYkx8ts07FUtBTCt9x5798sofdYQOkTBiIy98wMSW0aE9yfX6ZYxahWeOSqMUjsgbYE1Ww8HcftgCJzAwqWhkb8vmRbNVZ+2WEJSMxhk6kmocrIy7coA3u/UgGhi7is9YiTRjSMHJkTqRMhokijsbFH698dwx4tR0Aflj0xJSKRgWZgaskebHj1x0IdiCrhVUENygGgN+9bbZNw7hohXUa+OOBZNUPkWQ7IoO5JHr32wBWa4R2jEj85kCqROXC2dwPP371hPEIAYJgaKMDI/Me9C/6jBZp1geP5beVeXY2FIFgf1yxnHNGeYjZOY7bWB3P3y+OY2fLdL5/+JdMI+LzkUBNIWRQNtya/jE8RPSZiQqrzBhv8wHcjxt2yy+KW59ZUiyLPAbd22Egs7j2/wB8D1MtASCjGkZJ+eioA8jyTk+K3Qcuiy/Gzyzw6lS1JQDDyT5rIutzLFHzNIjycrFRZrvv98drJk1RkLcy9ZuePl9BkEVaeSNV+YshUkCyDe5zXrP3N3a1kTnUIoorTMLI5vFXgXN+ImVggKQUQFagxvf64/VTGlWPaSQhQ/NZN7ZMqdBYlK8yMN2UDf3/AHzPOom6hlhQx/PIea6UVvjtBCEMnVBcuCTIDvfp9MGgTrsZpCAEJERvuNzZ/nHyySGtOrASluUudworb75R9S5eqf8AHQ6dio5nCfqCC+X75NpNQk1tCyN/+bjfKWPRFp54g9RoB1GJ3uu+RPpJdKpnViCjcoBBBI9c08T77s9bRR6BucTAiOdWBBUbGvB9sudFMXWeSZVl1HL0uREJANiz+w/nKng7O8SvNbSPvVUBe1X23wjhsLxyTKfkDIHd1YkRnl8+5PfIR7n0+q24Yg0Gr1WnYysC3U08MhJWJSLBAPveHTRKI5BrJ5Hln+YFXsSCtgABt9MrX12oGo4VDpFbmeNgd9yhF2TXizl5HpoptGVhUB0kUBZ9jGVNEA+hHY5HI+4/7Vekm5OLDRzI8UOqKiGQ785UEA2NrJ2zU6vhw4hp3gk6o5ZC0aox/KANEdvNdvpmL4tq+TivCwQYZtI4aUyMQCRW4B23735vN3wyRulp45r07vGJdSe5sk3ddt6y0R4pZPp21mjfmRQwoogADHvYBv8Ac5VfFxjOgM5AeJvypALBrwRW4IsYbwx1k051IQoGncRlGsSA1RP7Ab9sq+P6vo6aaCbnjhlQSR0ASCAQQNiDsb9ds172z3q8t1ekWDVaiFpIyIaIe+9i7H2wniIm00ixSqHbpKwcQhg4rYg4HxDk60pj2BblAJO4rvjIFmZPy0lkUGgVshfb2zXigUut7hAR1ORwCjqUcevkfyMxXF4OjqJ5EMkUYjI6tkEE9gK3I8HNiGohgaKkEEdxlX8UaSQy9eRwIHBdY+cEsBuCAO3uc5eQJXxUbzWUl5C6kh02YrW+2BhiwZm7A92F/wAYZr4jHNIOUR8zEjajgpktDGo3Y2Wr385zul28fVyBbLNsXauUL2AB73642WQuSSAOYdifOOS4gUU3zbEqlV/vnAq0I5Lbna3kXuDe2PJaUyhI+QqWlO3MCexyRy7c7OeUfpjMdb343/rkaqtsqU6IxUcp3v3PnHk9MBn35gR00b9W3pkycp4IulH00oswILsQR6ke/wDzjnVki5wBYYjk/wDoH+uCid2+YBiqd1rb+9ssEWWRoKIEci2PlO5PYe585YUtLDG1IYqQfoKgXQrfY+cmZztGA0DJbhgwNkCx/tkSRUZFSUokTktJYBkJ3IHn2vHQQtJEZCTIqMzFQRWpXuBfreVS1wRL1SIvyyQS8jj9NXvt2PevXLXTETBpUJd4HEfJJse4s/U1t9cqlf8AO6GoIU6mMkEudhWwob3lnPIsemCllR2ZW5ygIlAPkf32xh0yYzQv+IhngJlRYZSrvy0SN9h9Blg6RjSaSESkaaOEXQs6kEChtv5B274DGEWLUPHaxuokZ433nPc0PStry54bEUhjF0kKdNgANyAB379h/Iw4vcctwnTII1giNPO7jkYj9NAAkfbCOKyFdNIFIBA+betvI9sBSctrUjkCjk/MjTkslQCP3BP3wrjAvSyAAHmsV5Io9vexlGY0ct028b+LtSz8RkPfmhHZaPerAyn41qGUQ6FGR5JgNm2sVv8Axlt8UrWokY7jpiyx9OwHplcEXXTwTsBGIQkPWLXytR7+x2GXmBa8e/mpp9MsDxsu6KnI6em47ftgaFOuQLJcEgk1QN5ba0MAwKMLY3d9+1j2yl1sJSaJiVCxry2AR9/fMx1bTcnTqOvAiMxAJPymqNd/2OFOAsUrbqojAb5jVGxY/fB9ZB1EtAFeJuYEGywrf+MmhYvA0fPG6qo2Z969MbmEtpZUEenQRLtGPlN31APH84/RlUVZGAHUjBIYUSbrtg+jY9GSOdvngexWxceKx2m1JTpxTgsWakcrYrv++B/uPikGikBk1MWzvt0mFij2JyR9LLMgWcKkYYc8i2S1f0GWECizRBCiyV7A9xjiEYEyOpCC+S6ujv5+mV5NFMERBJCWjUMFAHYAnbe8K4dpvwcOrWZmSN1PTeStyNgAPP3wPQf+4FnlSUIrssaOoKyE0AT7jvlzqJfwmkjnkiXU6iOMlI3que9rs+uwHc4l+IZiwss2iWQu8Wi0waZ44wDGWoJZvarHe+/bLXhdySGRW5pYmMj/AJYIYXuLut6PjKz4Z0ErCRZpJCXImeNjazSEEgE+KoCvplpxZNHDBJJqgTHrYepKY5aMhAsgHxZG/wBMlxSl2o+KaPqcUOokCtAskemklkW1jJJHnv2G+bLTcR046smoZY0XljkDqAWFm9j3BGY3gGmjm0OvhcSNO5SVJGls7kkDvZNHv9MuF0en4lMvDAzSHh+tSaSayemCpDKT3uwu3teUP/o30S5HV6ZwRFEMhQ3FK3VjAGygjsPplD8VJpzp52lYq7Hk51BJRgdgAN/F7HfLLh8/4aGOO1ESHkcsCCB2sD0zP/GWuX8MscVQiNi/U5TUoAsgH187m80OWu2KZea8TdGndozMQzsG6vfvt/GT6PiGrgjEUEk0aA3Ub1eA9Tnd3IJDksQO+FrMqpGVNhluhfybkUdu+1/fNTGnG9kJ++D8XTq6QSAgyohhpzsQN6/v0yZz3A8ZJHGZleEdNueiec0ABdn+c506yo93l/Fom52SRUlkDluojG2B7XeVZezIGVQaCij982HxTw6OOQiP5yGLdRe5Hn7XmSniaIMGUg91PrmHLS6vx8hIZn2pVJde6Iu/1vHSaYSRgSK1kgnc2Kx7rX6SVJ3Ygfx/P8YzTKZJCHD335uY+PWsQ9VoT4o1jQzSqY+Q0FXYnfvXphPDf/YYL8sSra2d+YkEDvieEskheUkVa8yj5fa/OR8K1MUWoQuWrqD8w7hT6EVtgHdPxOgV4nELhedpCrL7+B/F5aCBpFjr5ZAp5XH+Q1W3j/vJX0iGf8QezuWIoUCBRP1N5DpNaDzsUkWGOO+pIhAYX4Fb5aZT7KZYS2ndAkbzxkJIStAiiDR2rxvhekdYkW+VisfKVFBQQO4+na8C0jBNPByASPqAQGYn5FJO2F6TThJZepJ13jQmMvsJBW+3kA4GQjHaUmaPTtIPw4kYrIxT9K70ATvd9iPXL+eA6f8ACE2UlJDq9drJ/gCq98p9IssrFnR4Y5JQ8ZTcgDcb+58ZoeJIBFoZCpZl0/dn/wAPYkk16kjLOuLQrtU6hxCmqjUc4nlSLTxKTsGFeOw85catpQIYoHBEUISUnYOSaBv1HKTv64FpEJlijkS5WjDFX2AUb39QaH3GG6lH68YgYBUKI/z1zUDX1vc15sZA4f1q91kul6mphnflHRB5d9ztsf8AXIuLa5YSoFOEBMihb5NjRI+tnD49k59yeWhe2Yn4v1vSjkaM/mKpjezsNrI9z2r65p6LJ7bD/E841BklO7mQ7mhYO4J+94HwGFHhljUgM8luTsALBPf2BwfXSsVCOeYk2TjuBziLUBDyhJWHMW80e33zTl2VcehncXDKBOAFQAqY9z57/SiMz/EVMiCMKPzEPL7HveehS6Is/RmKgapunzsOYACzvXcgbZjNZpWjk1ELbkMyIGHeiQDmD02vB3qqIJDJGkO3MD+Y10VGTQSQnTxwScyzRkkhU3kAOxv9shnQQSGSgY5GEcq0Ryn3xuoiaaRRYu9ni3C/7jL9znTBo5Pxa/NHspQL+oAe+G2GCMAtu4tETcoR6+vY4JBqrAWYiKRLUqx/xN9qGFanR80ZkhMkDiUMeS/mB8AdsoIGIi0knPKrTSSQOSilZANwdxv6AYTpuG6aGeSuvJOkZZ0JB6YA3PufbInSUaULDqFMiMHVpIqZT3qwe+2+2GaDRaqTkfUTGOeY9MxwsFJsbWe+/r2rEn7kscFkj0jSjmfSClZIhbWd1G3jsCdz65JoGbqc2sMjx6ggppAN9ISdgfWxe/jJdJoOlp44OpJHpVYSQs72SxNMKG1WPORSg6VzIRKgkl6Esqofy7AAO9bDc/bJ9y4vcdp9ejR61I16caz9KOMmgprvfk2B5B3OAa5m4s0emZz/AOP0cCpNIik9aQkkBWPmyRfbKnQcMn1/4omWdeHLqzyvGpqUk9yAbPtY29c3MraTh2kkiCtAsMQj6xBCSuqkiu4JJIvH4nH9rSvuieX8PHONOgGtnQKXYhnEoAXlNbAUbv2yx4Vpf/GyaXSxjTu2sYGWWOj1TRFggn37+vjA+AcPR5m4xrmEs2qjB0UEKENR7kgbb2Rvl9ptMTrhPIpSdLHU5NtOgFkA+pND7ZHL2QLj9Rer1AiK2ylYkPWdqtfQb+v875kPj3iytFBpozCWKkNFym4SPI9yNst/iLUB4tdTFhRcKgHKSDQ3regTt33zzzjz3LBNzxuJtOkgSN+YxbAEH3sHNeBlk9wJIRQQfnbsB497yLqt6nGFj3Ppi5hieXcZe8k984rEGxvsf6Ym/pjQfTKsxh+JQdSFiAC8NE8ooOPf2zG8V0vWMjqCDEBF0l3qwDt7ZuiA8ZU0SoB5T/nHp9RlXxPTnTFpDHJK7uDyKRfJVgk9u1jfMuXHe7Q5ZecTRMrlTYNkFWPfOwOYpBItEMORkv8AWMtdPw/8QZdaxKK7N+Wr2Uo+fTv96yqCsrgmiUIY2O/75k9XXxRGQaaTmSUlEClY+UbbdrH+uPj0hMbtJReuZVjAqQj1PrtecnmMjcvzII1JAJoHftsMdw/SsZ1nmB6ce/KGJPfv3xnuSdWmCPPoIwqgSTRgIQaCMB59BWULzc8IhgR2bTQ1MNwEHk7ixtvWW3DZurJqZA8aKylYgW3Vwd7HYY/UaYIk3RqWbUfPIxs+ACB/oMvkddWfFCijfprootNyyBouUs2xiJIJIv64WIhPrOaEHn06AoCKUEGjYq675X6Ytp9NNPPzSSNGDGioKAvYAkXvteWXCNVIYQkgXnjQtJ0L/LrccxHc+Mk9dzXutdMz/hvx0hSOI2pjQFqPMQK29d7y74tJ1IuFhQp668p7gEACwSPbt9Mq9AX1einXUFYlRUkAQ0ShY2aHsMtZ3CLwjSAF0mR1POCdgBe/2PfNPhoc0h+BI3/tT88ciyMeg9bx2BYPcDcD3NnCuFROygyfOVIUFwCEoUTfcm7zmi0bQaOPTR785eSw36RZIF/Sh9sKLCGNUjHLaBWarWMWLIv65CZkPzlNr9RyREx8pdyUBZqCgCyc8r+K+IHU6g7GNIyJHHNsfA29fO/rmp+I+MmNIo0pKjNxA2bbcG/OxBv655xxCfqNyglghJZu/UJ2J/bYfTNuJ80d5BzMWJY72SRkQHkWCO1ZMB/ZGNrucbUNr/hXWLrIpNHMwGqhqSJn3EtEbb/QZXfEOmkMb9GF1YyB2KxghUoiye92O42yhid4nE0RKyIQQw9s9H0Guh4tw8sCI9YE6UoCE0as0PIO/wBLyOXFSOLjeWTLHI3RYbn5WZh7d/rgISXR9Rv8WH9IC94j9PTNvxDgydUQwwiINy2JG3Ukdr8jex7ZRazhT6dWjmQ836WIJqwar+O+SKFt5CdVM8MGoVXJMgUi2U0Y77g5OkMsQUwu85IoRyGwu/YemRavQV1JNM7LIyDnjVq6nrti0HFeSRVMLtIw6bkHci+/2zUNKOyOg1upinjj1GleiCjIKYgVZO+/vlrDrtVNI0mh007tGnI8kwCCVSO4PcbVnImMbq8hE5UASSKgq72As+lZPxbj34HV6WTQxzsoqUx7AC9iRXYEADf098X9oRydxca94YFn/BcPjULKsiEudrNGht74VwLT6nXarUanWGSTTFhqQk1op32Cg9gb774/iXG/xOgN6XUQmTnSO4jbECySQSALNVvfnIeBaHjGvgZNTy6TSzI0baqSmYISLAF2DY2PtWICSOfVda/VQcK6EQlUySzgPBD+qZWAsAd7v123rJxwmXjEmlk4lpn0Wj00jPHp7DCNd2Ib3JAFDt6ZHwzgsOghj6cYOtnYJLIVLSLZG5B3FA2aO2aKWAokscZaNhGQFshFkINtXv3oYlD1Sful4YnUkj1cPLDA9rHH06sDbf03HjtkfENcY1kXRiV5U1HLJA9Eyir2rsPrhXVjGnGmhJYtEX5gAaJ9vrZ+2efcV4t+EYTwSn/yDoya1iSQ29coB27eRkBsLM+J+M8rSaKFgqBUEiQqCoYCyQe9k962zJM3MbPf1Odd2c225PnGEfXb0y3l8U3T++Kv7rFRxwB9MUXupPjGsfAzhPkbZzm8Hv6jNHqxGQPLuNiMm4wv55DUQ0YDD9xg5Pe73GO18vVlZ9z8oW6/v3wTSNqLU6Y6eOYQqGE7A0i732/pvvlPJwYSadXiYmZIXkbn80dz7D/nNYaIKtRB8Hzj9HoGaWEw8qxxfKylbCiiKI82TmfgNpx/I4Xnb6JlUqpE6OOpcd2DnAXjqmNqQh5h3GbGLQ/hpZoEUsolZeXkAFAncE9vAwWHh9vqH1XSj06vzKyNZ7VR27XkPHHq1Pyad1JB+UsbR8qIjbLIN5T7b9r9cuQragrJIeiJIxSDYqe4P7jvkZ0Q6moBYRwaWldlQkgm63P974RptI7dMEynmjMiMyUWBJ23/fDio41OJQwQ88zK19PTJyHnT5QTsSf3vJSyxQNo431DzwsJOaMWas7k77eNsNl0avJyBpJF07DqEChGRVEgXd+mTwIkfUKqoklcR32MpuvsLPbJR2WkT8PxyrDqlnjVZDpmaOJG/VV9ydybA9hlsYHMWjtgCkZpR4BAB/1OB8HKnUyEA28bwylRYBB3o+9/zhGt1I/DRqGAmWI8sfYOQQKJ+tfzmx6oXWJ1U6oqiFQ0gYRooW7I2JAHgd/TMx8Q8aiZJdOGktgIy47MOxr7g4Lq+L/h1MAdDUSo0rEnqkCj/wBD75k9VPznljsBTs5Nnf09sDi5rS8vqg4lqS8rEO8h/QWY30wBQH1oC8ryvgWMKEXe/XOiLL2ZCcv1zgj+uHdLG9Px59cn1PSE6XphnCtdLoJ454KtD8ytdSA9wfYjF0vO2dCdqxxo2qfU6XiboV5YlJEvTZyCp7cu3ftY+uENEF0s+o1SdSNpDAj8hLA0AC1ivIH275jwpQhlJUg2CvcHLTR8WmjBWXmnjYGw/wBbsEebGJKdyhh4AggTVyOJA1MWBoJYNKdrsVZI27jK7V/DTyhpDEkimzHJFIDag70TXbfNVNq0lVF0LgRGT87RuhBnvuR5s147fTDkmhhRdSki9OSMRcz23TNghSANjsb8HA0m/kbGcB+Fm0Ml8QDS6Zzbo72vLY8g7ncX/XLfU/D/AE5I9YWeMxyEWY7SFNwoY3fr7ZbaqSSRY4wkmlg1KESMtEsx3oeaseAMI0n5cEsUgjkleN4njiQlo/lNE7t3JH7Yd7PzfuD4jwnT6dtNqJ45J9I0ZU9JrWQnwATt2G4/fHu6abp6WYrpdKrCUqpsn/MNzsQLwfUz9R4uGzSaRm0UddaSMqpNeoLWdhXYYKuujkhA1oaWeGUPGUUESAdgbPbbbbF4v1DzXO7VcHdJYm4hIHj6nySO60SPB+4IP8ZQa34hMmrCxyIscchCdUkAKO/MBvZ8ZW6ni88sCwFI41Ry0bJZYWbsnz6fbKSWAksxslySx9TjD7pUyO4nx9jp00Okk1AhjvdSFEgPj175m5QZHLtZZu/t9Msfw3ruB2xfhvvlZ1LatEJ8Xj1g75YDTf8AWdEPpk9S2BEOOEWG9HyLxwhv/rDI8r1Zj485GT67Ywud8YW+l5abZUvNt7jJej1E6gAAUbnnsn7Vt98DDbkdscZOXvZH/wA74BA0qLzAPYUDvf8AQe+HwSHTwAGiWkLmMHceReVaEm2awnYACr9hnS57dh6X3w0JkYHheNjPZ1JYsHUUAD4Pr9MqNfBJzq8EnURQQ0cdCwbsG+w7YQ+/fv7HIGQWbAOS4/ExSB1MmoRiskSyQSsGenvze/8AP1xvEXaQTyQyyEvGqJHzUFI7mqu9qwuWtsFkHeqyMKzk0g4lUk8i8y6eeIFtOFqnA7g13u98iE0UMZDSSTM/zF6BCEm/O935GDSrYIAqsGlj89/XHhs9Wshx/pyDURoOYKeRASACavbzdX32vzlVqeIzzJyO7yKGLgyHyT49PGRlPB7emNKef9MY/UtYVyz0WsgDOCP7YSUzoSv+sZv3GhDCP2zvJ6AXhLJnOT2OONhivqKxcnrhXKO+IJ2NYS0heQfXO8noBhZT2GN5Pt9sJ+RQdL1xdPCQnnOqmKnYZVo2tgjsRsRkiBwCAzBWNlQdifXJxFvj+l27be2OT7oRNKilVdwhbm5L2u7uvXOF3Jc7p1CC/ISLrCBFfftneifOEakIsXrt7jH9PaqsYR0u4OdCV3xrEEYcjeHuKrDiv9MaV7YogDD3xoio17Ycy+m9+uMaLue+PIYMxeMaIvFDC+QbXec5d7ycjWH6Y2HjHBcmKeccEGMJbbRh4xBe953FlPqma47HOA7kYsWJ9TLp2qvGNJxYslnN5++Nc+fOLFi+J0Ep2PrkBxYsUz1RSjzkbDm2O2cxZWE4d0322xjJ61ixZM/iby4uXFiyj1KaVxBfHnFixkpFPTEF8HFixspxXGsuLFii6o8DJFXFixMbShfOOC+POLFjpfc4J5yQL9MWLGRdKeD3xhj/AGzmLCdE8eRlf4OLFhKVeuMKevbFiwappXvjeTucWLFTdCefOIKPOLFjk3//2Q==','intip goreng di cirebon'),
(10,'Pepes Intip Tahu','It is called Wrapped Cursted Tofu because peek itself is the Javanese word for crust. According to residents of the Lemahabang area, it has always been a center for making tofu and tempeh. In it too, the craftsmen at the same time make Pepes Intip Tahu. The material used to make Pepes Intip Tahu is tofu dregs which are seasoned with special spices, then wrapped in banana leaves, then baked.','https://img-global.cpcdn.com/recipes/4c493b425544b438/680x482cq70/pepes-hintip-tahu-khas-cirebon-foto-resep-utama.jpg','pepes intip tahu'),
(11,'Tahu Gejrot','Tahu Gejrot or Mashed tofu is a simple culinary dish originating from Cirebon. Gejrot tofu is originally a special tofu that has a bland taste, has a pale white color and has a thick skin texture, while the contents are rather empty. This tofu is fried and then cut into small pieces as desired, which at the time of presentation is served with a splash of gravy made from chilies, shallots, sweetened with sugar.','https://img.inews.co.id/media/1200/files/inews_new/2020/08/27/resep_tahu_gejrot.jpg','tahu gejrot di cirebon'),
(12,'Tahu Petis','The profession of people in the city of Cirebon is generally fishermen. This has an effect on the regional culture of Cirebon, especially in the culinary field. One example is the typical Cirebon tofu paste. From the name alone, we can tell that the basic ingredients of this food are tofu and paste seasoning. The typical Cirebon paste seasoning is slightly different from the paste seasoning in other areas because it is added with ebi or rebon. The addition of ebi or rebon makes the Cirebon paste seasoning more preferable compared to the paste seasoning in other areas. The tofu used is different from the tofu typical of other regions. This tofu is made in the Sindang Laut area which certainly adds to the unique taste of tofu petis itself.','https://cdn.idntimes.com/content-images/post/20210917/51902638-235679297384323-2386037706382373938-n-7dba5a89c8cf4a86fef965fffc04f904.jpg','tahu petis di cirebon'),
(13,'Mie Koclok','Mie Koclok or Koclok Noodles use egg noodles or wet noodles. Initially, the noodles and bean sprouts would be soaked and shaken into hot water in no time. Then, the noodles are placed in a container and topped with a thick sauce made from chicken broth, tapioca flour, sweet soy sauce, and spices such as chili, shallots, and garlic. The noodles are served with various accompaniments such as chicken, boiled eggs, sliced ​​green onions, celery and fried onions. Koclok noodles have a savory and salty taste that comes from thick coconut milk and spices. Connoisseurs of this food can also add chili sauce or chili powder if they like spicy taste.','https://asset.kompas.com/crops/R0W23caKi5Yc0dq1COFsWotY5yg=/0x500:750x1000/750x500/data/photo/2022/07/22/62d9e6503726a.jpeg','mie koclok di cirebon'),
(14,'Battembat Tongseng','Battembat Tongseng is a kind of beef curry with a stronger sauce originating from the village of Battembat, Cirebon. Tongseng generally uses goat meat, although there are also beef, lamb, or buffalo meat tongseng. In addition, vegetables such as cauliflower, garlic, tomatoes and sweet soy sauce are added to this thick gravy. The marinade is stir-fry or stir-fry consisting of a mixture of salt, garlic, soy sauce and pepper.','https://3.bp.blogspot.com/-y9XZDMzvrRQ/W-PFWvJxbyI/AAAAAAAAODE/a0N8qV519Bg7MzSwUQA7h5LhrU5M7OOzQCLcBGAs/s1600/tukangngider.com.JPG','tongseng battembat di cirebon');

DROP TABLE IF EXISTS `place_category`;
CREATE TABLE `place_category` (
  `id` INT(11) NOT NULL AUTO_INCREMENT,
  `category` VARCHAR(256),
  PRIMARY KEY (`id`)
);
INSERT  INTO `place_category`(`id`,`category`) VALUES 
(1,'Heritage'),
(2,'Religion'),
(3,'Nature'),
(4,'Public'),
(5,'Shopping');

DROP TABLE IF EXISTS `places`;
CREATE TABLE `places` (
  `id` INT(11) NOT NULL AUTO_INCREMENT,
  `name` VARCHAR(256),
  `address` TEXT,
  `description` TEXT,
  `image` TEXT,
  `maps` TEXT,
  `ticket_price` INT(11),
  `category_id` INT(11),
  `additional_image_id` INT(11),
  PRIMARY KEY (`id`),
  CONSTRAINT `additional_image_id` FOREIGN KEY (`additional_image_id`) REFERENCES `additional_place_image` (`id`),
  CONSTRAINT `category_id` FOREIGN KEY (`category_id`) REFERENCES `place_category` (`id`)
);
INSERT  INTO `places`(`id`,`name`,`address`,`description`,`image`,`maps`,`ticket_price`,`category_id`,`additional_image_id`) VALUES 
(1,'Kasepuhan Royal Palace','Kasepuhan St no 1, Lemahwungkuk, Cirebon','The largest and oldest surviving sultanate palace in Cirebon. Serves as the official residence of the Kasepuhan Sultanate which is one of the three sultanates in Cirebon','https://disparbud.jabarprov.go.id/wp-content/uploads/2022/01/MUS9249-scaled.jpg','https://www.google.com/maps/embed?pb=!1m18!1m12!1m3!1d3962.3561308559433!2d108.56843117366698!3d-6.726328465763555!2m3!1f0!2f0!3f0!3m2!1i1024!2i768!4f13.1!3m3!1m2!1s0x2e6ee263eaaaaaab%3A0x20ea18cbfb1df195!2sKeraton%20Kasepuhan%20Cirebon!5e0!3m2!1sid!2sid',20000,1,1),
(2,'Kanoman Royal Palace','Kanoman St no 1, Lemahwungkuk, Cirebon','The royal palace of the second sultanate in Cirebon. Serves as the official residence of the Kanoman Sultan which expansion of Kasepuhan Sultanate.','https://1.bp.blogspot.com/-n2CIyjpLJqg/X2a9wr_3i3I/AAAAAAAAB-c/9oj6Uw4kBZMPMXe9MIMT0JafuPJTXgQHQCLcBGAsYHQ/s1920/20190813_110559.jpg','https://www.google.com/maps/embed?pb=!1m18!1m12!1m3!1d3962.3882626239606!2d108.56524907366688!3d-6.722387765724239!2m3!1f0!2f0!3f0!3m2!1i1024!2i768!4f13.1!3m3!1m2!1s0x2e6ee25deaaaaaab%3A0xb5cb14c3d5f80987!2sKeraton%20Kanoman!5e0!3m2!1sid!2sid',15000,1,2),
(3,'Kacirebonan Royal Palace','Ariodinoto St no 1, Lemahwungkuk, Cirebon','The youngest surviving sultanate palace in Cirebon. Serves as the official residence of the Kacirebonan Sultanate which expansion of Kanoman Sultanate','https://i0.wp.com/www.itrip.id/wp-content/uploads/2022/01/Keraton-Kacirebonan.jpg?resize=750%2C450&ssl=1','https://www.google.com/maps/embed?pb=!1m18!1m12!1m3!1d3962.3653963365437!2d108.56280247366693!3d-6.725192365752208!2m3!1f0!2f0!3f0!3m2!1i1024!2i768!4f13.1!3m3!1m2!1s0x2e6ee26f6aaaaaab%3A0xddcdf1633236d15a!2sKeraton%20Kacirebonan!5e0!3m2!1sid!2sid',15000,1,3),
(4,'Sunyaragi Royal Garden','Brigjen Dharsono St 25, Kesambi subdistrict, Cirebon','The royal garden of all Cirebonese Sultanate. serves as a place of recreation, bathing, and rest for members of the Cirebon Sultanate royal family','https://travelspromo.com/wp-content/uploads/2019/05/Kawasan-Gua-Sunyaragi-Ahmad-Rasyid.jpg','https://www.google.com/maps/embed?pb=!1m18!1m12!1m3!1d31698.47089528159!2d108.5025033041815!3d-6.732121444098538!2m3!1f0!2f0!3f0!3m2!1i1024!2i768!4f13.1!3m3!1m2!1s0x2e6f1df257d4d4fb%3A0x8d4ea2ef1ff1103d!2sTaman%20Wisata%20Goa%20Sunyaragi%20Cirebon!5e0!3m2!1sid!2sid',15000,1,4),
(5,'The Tomb of Sunan Gunung Jati','Gunung Jati St, Astana, Cirebon','The burial complex of Sunan Gunung Jati, sultans, and members of the royal family of the Cirebon sultanate','https://blogger.googleusercontent.com/img/b/R29vZ2xl/AVvXsEjz1MD8xUM8No2o0SVSmsOAgFtpIoWhmzADz1J95Jv2vKYSVMyrlZsAVJQhOYKT0Dtp7PfGPDHiufME_jyxA05NxNHJEfgV9Y4ccOvUfGMS7NHdFqCgKsBsUjJ6fA-qAUZ3-D_Js-RZr1Wn6ZhgBPvanpY4Of9Xsc3NlxrJGsCBQGiYXMOvTncmHkq6pA/s1600/gerbang%20makam%20gn%20jati.jpg','https://www.google.com/maps/embed?pb=!1m18!1m12!1m3!1d3962.804079530228!2d108.53757607499419!3d-6.671182193323875!2m3!1f0!2f0!3f0!3m2!1i1024!2i768!4f13.1!3m3!1m2!1s0x2e6f1df535197233%3A0x44c868e9be858a42!2sMakam%20Sunan%20Gunung%20Jati!5e0!3m2!1sid!2sid',0,2,5),
(6,'Trusmi Batik Area','Syekh Datul Kahfi St, Plered, Cirebon','The central area for the sale and production of typical Cirebonese batik, which is produced in both traditional and modern ways','https://www.indonesia.travel/content/dam/indtravelrevamp/id-id/ide-liburan/ayo-ke-batik-trusmi-cirebon-dan-lakukan-4-aktivitas-seru-ini/kawasan-batik-trusmi.jpg','https://www.google.com/maps/embed?pb=!1m18!1m12!1m3!1d63400.95331219769!2d108.43626962167967!3d-6.701337899999991!2m3!1f0!2f0!3f0!3m2!1i1024!2i768!4f13.1!3m3!1m2!1s0x2e6ee193b48be581%3A0xdaa49b48b19ca154!2sKawasan%20Wisata%20Batik%20Trusmi!5e0!3m2!1sid!2sid!4v1693126272646!5m2!1sid!2sid',0,5,6),
(7,'Plangon Monkey Hill','Kubang village, Talun, Cirebon','That said, initially there were only a pair of monkeys brought by Prince Panjunan from a visit to Aceh during the reign of Sunan Gunung Jati. However, because of the precise location and geographical fit, this herd of monkeys multiplied and became residents of Plangon Hill.','https://indonesiakaya.com/wp-content/uploads/2020/10/5__Mengunjungi_Plangon_wisatawan_dapat_berinteraksi_dengan_monyet_yang_ada_di_sekitar_area.jpg','https://www.google.com/maps/embed?pb=!1m18!1m12!1m3!1d15847.840037399254!2d108.48555559999998!3d-6.7747221!2m3!1f0!2f0!3f0!3m2!1i1024!2i768!4f13.1!3m3!1m2!1s0x2e6f1ef9c7471a0d%3A0x3ee1bf4561fce4d0!2sBukit%20Plangon!5e0!3m2!1sid!2sid!4v1693201016036!5m2!1sid!2sid',3000,3,7),
(8,'Sangkala Buana Square','Kasepuhan Royal Palace Area, Kasepuhan Street 1st','The presence of Sangkala Buana Square is now adding a tourist destination in Cirebon City, West Java. Apart from preserving culture, the square which is adjacent to the Kasepuhan Palace is also expected to attract more tourists to the city of Cirebon. There is the Kasepuhan Palace complex which was founded centuries ago.','https://jernih.co/wp-content/uploads/Screen-Shot-2022-02-06-at-22.36.13.png','https://www.google.com/maps/embed?pb=!1m18!1m12!1m3!1d3962.3651270021096!2d108.56824467499474!3d-6.725225393270786!2m3!1f0!2f0!3f0!3m2!1i1024!2i768!4f13.1!3m3!1m2!1s0x2e6ee2806fdedd71%3A0xea3501eeedace498!2sAlun-alun%20Sangkala%20Buana!5e0!3m2!1sid!2sid!4v1693205608327!5m2!1sid!2sid',0,4,8);


DROP TABLE IF EXISTS `users`;
CREATE TABLE `users` (
  `id` INT(11) NOT NULL AUTO_INCREMENT,
  `email` VARCHAR(256),
  `password` TEXT,
  `name` VARCHAR(256),
  `username` VARCHAR(256),
  `phone` VARCHAR(256),
  PRIMARY KEY (`id`)
);
INSERT  INTO `users`(`id`, `email`, `password`, `name`, `username`, `phone`) VALUES
(1, "test@email.com", "12345", "test only", "test_", "089123456789");


DROP TABLE IF EXISTS `booking`;
CREATE TABLE `booking` (
  `id` INT(11) NOT NULL AUTO_INCREMENT,
  `place_id` INT(11),
  `user_id` INT(11),
  `time` DATETIME,
  PRIMARY KEY (`id`),
  CONSTRAINT `p_id` FOREIGN KEY (`place_id`) REFERENCES `places` (`id`),
  CONSTRAINT `u_id` FOREIGN KEY (`user_id`) REFERENCES `users` (`id`)
);


